junction_id,tls_id,phase_index,classification,duration_sec,state_string,num_green_links
J1,J1,0,green,33,GGGggrrrrGGggrrrrr,9
J1,J1,1,mixed(green+yellow),3,yyyggrrrryyggrrrrr,
J1,J1,2,green,6,rrrGGrrrrrrGGrrrrr,4
J1,J1,3,yellow,3,rrryyrrrrrryyrrrrr,
J1,J1,4,green,33,rrrrrGGggrrrrGGGgg,9
J1,J1,5,mixed(green+yellow),3,rrrrryyggrrrryyygg,
J1,J1,6,green,6,rrrrrrrGGrrrrrrrGG,4
J1,J1,7,yellow,3,rrrrrrryyrrrrrrryy,
J10,J10,0,green,20,GGGGggrrrrrrGGGgggrrrrrrrrrrr,12
J10,J10,1,mixed(green+yellow),3,yyyyggrrrrrryyygggrrrrrrrrrrr,
J10,J10,2,green,6,rrrrGGrrrrrrrrrGGGrrrrrrrrrrr,5
J10,J10,3,yellow,3,rrrryyrrrrrrrrryyyrrrrrrrrrrr,
J10,J10,4,green,21,rrrrrrGGGGggrrrrrrGGgggrrrrrr,11
J10,J10,5,mixed(green+yellow),3,rrrrrryyyyggrrrrrryygggrrrrrr,
J10,J10,6,green,6,rrrrrrrrrrGGrrrrrrrrGGGrrrrrr,5
J10,J10,7,yellow,3,rrrrrrrrrryyrrrrrrrryyyrrrrrr,
J10,J10,8,all-red,1,rrrrrrrrrrrrrrrrrrrrrrrrrrrrr,
J10,J10,9,green,21,GrrrrrrrrrrrrrrrrrrrrrrGGGGGg,7
J10,J10,10,mixed(green+yellow),3,Grrrrrrrrrrrrrrrrrrrrrryyyyyy,
J11,J11,0,green,37,rrrrrGGggrrrrGGGgg,9
J11,J11,1,mixed(green+yellow),3,rrrrryyggrrrryyygg,
J11,J11,2,green,6,rrrrrrrGGrrrrrrrGG,4
J11,J11,3,yellow,3,rrrrrrryyrrrrrrryy,
J11,J11,4,all-red,1,rrrrrrrrrrrrrrrrrr,
J11,J11,5,green,36,gggggrrrrGGGgrrrrr,9
J11,J11,6,yellow,3,yyyyyrrrryyyyrrrrr,
J11,J11,7,all-red,1,rrrrrrrrrrrrrrrrrr,
J12,J12,0,green,13,rrrrrrrrrrrrGGGGGgGGggggrrrrrr,12
J12,J12,1,mixed(green+yellow),3,rrrrrrrrrrrryyyyyyGGggggrrrrrr,
J12,J12,2,green,6,rrrrrrrrrrrrrrrrrrGGGGGGrrrrrr,6
J12,J12,3,yellow,3,rrrrrrrrrrrrrrrrrryyyyyyrrrrrr,
J12,J12,4,all-red,2,rrrrrrrrrrrrrrrrrrrrrrrrrrrrrr,
J12,J12,5,green,16,rrrrGrrrrrrrrrrrrrrrrrrrGGGGGg,7
J12,J12,6,yellow,3,rrrryrrrrrrrrrrrrrrrrrrryyyyyy,
J12,J12,7,all-red,2,rrrrrrrrrrrrrrrrrrrrrrrrrrrrrr,
J12,J12,8,green,16,GGGGGgGrrrrrrrrrrrrrrrrrrrrrrr,7
J12,J12,9,yellow,3,yyyyyyyrrrrrrrrrrrrrrrrrrrrrrr,
J12,J12,10,all-red,2,rrrrrrrrrrrrrrrrrrrrrrrrrrrrrr,
J12,J12,11,green,16,rrrrrrGGGGGgGrrrrrrrrrrrrrrrrr,7
J12,J12,12,yellow,3,rrrrrryyyyyyyrrrrrrrrrrrrrrrrr,
J12,J12,13,all-red,2,rrrrrrrrrrrrrrrrrrrrrrrrrrrrrr,
J13,J13,0,green,18,rrrrrrGGGGgggrrrrrrrrrrrrrrGGGGgggrrrrrr,14
J13,J13,1,mixed(green+yellow),3,rrrrrryyyygggrrrrrrrrrrrrrryyyygggrrrrrr,
J13,J13,2,green,6,rrrrrrrrrrGGGrrrrrrrrrrrrrrrrrrGGGrrrrrr,6
J13,J13,3,yellow,3,rrrrrrrrrryyyrrrrrrrrrrrrrrrrrryyyrrrrrr,
J13,J13,4,green,18,rrrrrrrrrrrrrGGGGgggrrrrrrrrrrrrrrggGggg,13
J13,J13,5,mixed(green+yellow),3,rrrrrrrrrrrrryyyygggrrrrrrrrrrrrrrggyggg,
J13,J13,6,green,6,rrrrrrrrrrrrrrrrrGgGrrrrrrrrrrrrrrggrGGG,8
J13,J13,7,yellow,3,rrrrrrrrrrrrrrrrryyyrrrrrrrrrrrrrryyryyy,
J13,J13,8,green,18,ggggggrrrrrrrrrrrrrrgGgGGggrrrrrrrrrrrrr,13
J13,J13,9,mixed(green+yellow),3,ggggggrrrrrrrrrrrrrrgygyyggrrrrrrrrrrrrr,
J13,J13,10,green,6,GGGgGgrrrrrrrrrrrrrrgrgrrggrrrrrrrrrrrrr,10
J13,J13,11,yellow,3,yyyyyyrrrrrrrrrrrrrryryrryyrrrrrrrrrrrrr,
J14,J14,0,green,42,rrrrGGGgGGgg,8
J14,J14,1,mixed(green+yellow),3,rrrrGyyyyyyy,
J14,J14,2,green,42,GGGgGrrrrrrr,5
J14,J14,3,mixed(green+yellow),3,yyyyGrrrrrrr,
J15,J15,0,green,35,rrrrrGGGgggrrrrGggg,10
J15,J15,1,yellow,3,rrrrryyyyyyrrrryyyy,
J15,J15,2,all-red,5,rrrrrrrrrrrrrrrrrrr,
J15,J15,3,green,35,GGGggrrrrrrGGggrrrr,9
J15,J15,4,mixed(green+yellow),3,yyyggrrrrrryyggrrrr,
J15,J15,5,green,6,rrrGGrrrrrrrrGGrrrr,4
J15,J15,6,yellow,3,rrryyrrrrrrrryyrrrr,
J16,J16,0,green,22,GGGGggrrrrrrGGGGgggrrrrrrrrrrrr,13
J16,J16,1,mixed(green+yellow),3,yyyyggrrrrrryyyygggrrrrrrrrrrrr,
J16,J16,2,green,6,rrrrGGrrrrrrrrrrGGGrrrrrrrrrrrr,5
J16,J16,3,yellow,3,rrrryyrrrrrrrrrryyyrrrrrrrrrrrr,
J16,J16,4,all-red,1,rrrrrrrrrrrrrrrrrrrrrrrrrrrrrrr,
J16,J16,5,green,24,rrrrrrGGGGGgrrrrrrrggggggrrrrrr,12
J16,J16,6,yellow,3,rrrrrryyyyyyrrrrrrryyyyyyrrrrrr,
J16,J16,7,all-red,1,rrrrrrrrrrrrrrrrrrrrrrrrrrrrrrr,
J16,J16,8,green,24,GrrrrrrrrrrrrrrrrrrrrrrrrGGGGGg,7
J16,J16,9,mixed(green+yellow),3,Grrrrrrrrrrrrrrrrrrrrrrrryyyyyy,
J2,J2,0,green,11,GGGGGgGrrrrrrrrrrrrrrrrrrrrrrr,7
J2,J2,1,yellow,3,yyyyyyyrrrrrrrrrrrrrrrrrrrrrrr,
J2,J2,2,all-red,1,rrrrrrrrrrrrrrrrrrrrrrrrrrrrrr,
J2,J2,3,green,15,rrrrrrrrrrrrrrrrrrGGGGGgGrrrrr,7
J2,J2,4,yellow,3,rrrrrrrrrrrrrrrrrryyyyyyyrrrrr,
J2,J2,5,all-red,1,rrrrrrrrrrrrrrrrrrrrrrrrrrrrrr,
J2,J2,6,green,15,GGrrrrrrrrrrrrrrrrrrrrrrGGGGGg,8
J2,J2,7,yellow,3,yyrrrrrrrrrrrrrrrrrrrrrryyyyyy,
J2,J2,8,green,15,rrrrrrGGGGGgGrrrrrrrrrrrrrrrrr,7
J2,J2,9,yellow,3,rrrrrryyyyyyyrrrrrrrrrrrrrrrrr,
J2,J2,10,all-red,1,rrrrrrrrrrrrrrrrrrrrrrrrrrrrrr,
J2,J2,11,green,15,rrrrrrrrrrrrGGGGGgrrrrGrrrrrrr,7
J2,J2,12,yellow,3,rrrrrrrrrrrryyyyyyrrrryrrrrrrr,
J2,J2,13,all-red,1,rrrrrrrrrrrrrrrrrrrrrrrrrrrrrr,
J3,J3,0,green,24,rrrrrrrGGGgggrrrrrrrrrrGGGGgg,12
J3,J3,1,yellow,3,rrrrrrryyyyyyrrrrrrrrrryyyyyy,
J3,J3,2,green,24,GGGggggrrrrrrrrrrrgGgggrrrrrr,12
J3,J3,3,mixed(green+yellow),3,yyyggggrrrrrrrrrrrgygggrrrrrr,
J3,J3,4,green,6,rrrGGgGrrrrrrrrrrrgrGgGrrrrrr,8
J3,J3,5,mixed(green+yellow),3,rrryyyyrrrrrrrrrrryrygyrrrrrr,
J3,J3,6,green,24,rrrrrrrrrrrrrGGGGgrrrGrrrrrrr,6
J3,J3,7,yellow,3,rrrrrrrrrrrrryyyyyrrryrrrrrrr,
J4,J4,0,green,25,GGgggrrrrrrrrrrGGGGg,10
J4,J4,1,yellow,3,yyyyyrrrrrrrrrryyyyy,
J4,J4,2,all-red,1,rrrrrrrrrrrrrrrrrrrr,
J4,J4,3,green,27,rrrrrrrrrrGGGGgGrrrr,6
J4,J4,4,mixed(green+yellow),3,rrrrrrrrrrGyyyyyrrrr,
J4,J4,5,green,27,rrrrrGGGGgGrrrrrrrrr,6
J4,J4,6,yellow,3,rrrrryyyyyyrrrrrrrrr,
J4,J4,7,all-red,1,rrrrrrrrrrrrrrrrrrrr,
J5,J5,0,green,90,GGGG,4
J6,J6,0,green,18,GGGGgggrrrrrrrrrrrrGGGGgggrrrrrrrrrrrrrr,14
J6,J6,1,mixed(green+yellow),3,yyyygggrrrrrrrrrrrryyyygggrrrrrrrrrrrrrr,
J6,J6,2,green,6,rrrrGGGrrrrrrrrrrrrrrrrGGGrrrrrrrrrrrrrr,6
J6,J6,3,yellow,3,rrrryyyrrrrrrrrrrrrrrrryyyrrrrrrrrrrrrrr,
J6,J6,4,green,18,rrrrrrrrrrrrrgGggggrrrrrrrrrrrrrGGGGgggg,14
J6,J6,5,mixed(green+yellow),3,rrrrrrrrrrrrrgyggggrrrrrrrrrrrrryyyygggg,
J6,J6,6,green,6,rrrrrrrrrrrrrgrGGgGrrrrrrrrrrrrrrrrrGGgG,9
J6,J6,7,yellow,3,rrrrrrrrrrrrryryyyyrrrrrrrrrrrrrrrrryyyy,
J6,J6,8,green,18,rrrrrrrGGGgggrrrrrrrrrrrrrGGGgggrrrrrrrr,12
J6,J6,9,mixed(green+yellow),3,rrrrrrryyygggrrrrrrrrrrrrryyygggrrrrrrrr,
J6,J6,10,green,6,rrrrrrrrrrGGGrrrrrrrrrrrrrrrrGGGrrrrrrrr,6
J6,J6,11,yellow,3,rrrrrrrrrryyyrrrrrrrrrrrrrrrryyyrrrrrrrr,
J7,J7,0,green,18,gGGggggrrrrrrrrrrrrrrGGGGgggrrrrrrrrrrrrrr,14
J7,J7,1,mixed(green+yellow),3,gyyggggrrrrrrrrrrrrrryyyygggrrrrrrrrrrrrrr,
J7,J7,2,green,6,grrGGgGrrrrrrrrrrrrrrrrrrGgGrrrrrrrrrrrrrr,8
J7,J7,3,yellow,3,yrryyyyrrrrrrrrrrrrrrrrrryyyrrrrrrrrrrrrrr,
J7,J7,4,green,18,rrrrrrrGGGGgggrrrrrrrrrrrrrrGGGGGgggrrrrrr,15
J7,J7,5,mixed(green+yellow),3,rrrrrrryyyygggrrrrrrrrrrrrrryyyyygggrrrrrr,
J7,J7,6,green,6,rrrrrrrrrrrGGGrrrrrrrrrrrrrrrrrrrGGGrrrrrr,6
J7,J7,7,yellow,3,rrrrrrrrrrryyyrrrrrrrrrrrrrrrrrrryyyrrrrrr,
J7,J7,8,green,18,rrrrrrrrrrrrrrGGgggGgrrrrrrrrrrrrrrrgGgggg,13
J7,J7,9,mixed(green+yellow),3,rrrrrrrrrrrrrryygggyyrrrrrrrrrrrrrrrgygggg,
J7,J7,10,green,6,rrrrrrrrrrrrrrrrGGgrrrrrrrrrrrrrrrrrgrgGGG,8
J7,J7,11,yellow,3,rrrrrrrrrrrrrrrryyyrrrrrrrrrrrrrrrrryryyyy,
J8,J8,0,green,15,GGGGGGggrrrrrrrrGGGggggrrrrrrrrrrrrrrrrrrrrr,15
J8,J8,1,mixed(green+yellow),3,yyyyyyggrrrrrrrryyyggggrrrrrrrrrrrrrrrrrrrrr,
J8,J8,2,green,6,rrrrrrGGrrrrrrrrrrrGGGGrrrrrrrrrrrrrrrrrrrrr,6
J8,J8,3,yellow,3,rrrrrryyrrrrrrrrrrryyyyrrrrrrrrrrrrrrrrrrrrr,
J8,J8,4,green,15,rrrrrrrrGGGGGgggrrrrrrrrrrrrrrGGGGgggrrrrrrr,15
J8,J8,5,mixed(green+yellow),3,rrrrrrrryyyyygggrrrrrrrrrrrrrryyyygggrrrrrrr,
J8,J8,6,green,6,rrrrrrrrrrrrrGGGrrrrrrrrrrrrrrrrrrGGGrrrrrrr,6
J8,J8,7,yellow,3,rrrrrrrrrrrrryyyrrrrrrrrrrrrrrrrrryyyrrrrrrr,
J8,J8,8,green,15,GrrrrrrrrrrrrrrrrrrrrrrrrrrrrrrrrrrrrGGGGGGg,8
J8,J8,9,yellow,3,yrrrrrrrrrrrrrrrrrrrrrrrrrrrrrrrrrrrryyyyyyy,
J8,J8,10,green,15,rrrrrrrrrrrrrrrrrrrrrrrGGGGGGgGrrrrrrrrrrrrr,8
J8,J8,11,yellow,3,rrrrrrrrrrrrrrrrrrrrrrryyyyyyyyrrrrrrrrrrrrr,
J9,J9,0,green,12,GGGGggggrrrrrrrrrrrrrrrrrrrrrrrGGGGGgggrrrrrrrrrrrrrrrr,16
J9,J9,1,mixed(green+yellow),3,yyyyggggrrrrrrrrrrrrrrrrrrrrrrryyyyygggrrrrrrrrrrrrrrrr,
J9,J9,2,green,6,rrrrGGGGrrrrrrrrrrrrrrrrrrrrrrrrrrrrGGGrrrrrrrrrrrrrrrr,7
J9,J9,3,yellow,3,rrrryyyyrrrrrrrrrrrrrrrrrrrrrrrrrrrryyyrrrrrrrrrrrrrrrr,
J9,J9,4,green,13,rrrrrrrrGGGggggrrrrrrrrrrrrrrrrrrrrrrrrgGGgggggrrrrrrrr,15
J9,J9,5,mixed(green+yellow),3,rrrrrrrryyyggggrrrrrrrrrrrrrrrrrrrrrrrrgyygggggrrrrrrrr,
J9,J9,6,green,6,rrrrrrrrrrrGgggrrrrrrrrrrrrrrrrrrrrrrrrgrrggGGGrrrrrrrr,10
J9,J9,7,yellow,3,rrrrrrrrrrryyyyrrrrrrrrrrrrrrrrrrrrrrrryrryyyyyrrrrrrrr,
J9,J9,8,green,13,rrrrrrrrrrrrrrrrrrrrrrGGGGGggggrrrrrrrrrrrrrrrrgGGggggg,17
J9,J9,9,mixed(green+yellow),3,rrrrrrrrrrrrrrrrrrrrrryyyyyggggrrrrrrrrrrrrrrrrgyyggggg,
J9,J9,10,green,6,rrrrrrrrrrrrrrrrrrrrrrrrrrrGGgGrrrrrrrrrrrrrrrrgrrGGGgG,10
J9,J9,11,yellow,3,rrrrrrrrrrrrrrrrrrrrrrrrrrryyyyrrrrrrrrrrrrrrrryrryyyyy,
J9,J9,12,green,13,rrrrrrrrrrrrrrrGGGGGGgGrrrrrrrrrrrrrrrrrrrrrrrrrrrrrrrr,8
J9,J9,13,yellow,3,rrrrrrrrrrrrrrryyyyyyyyrrrrrrrrrrrrrrrrrrrrrrrrrrrrrrrr,
