junction_id,green_phase_index,linkIndex,from_edge,to_edge,from_lane,to_lane,direction,priority
J4,0,0,J5_J4,J4_J3,0,0,s,major(G)
J4,0,1,J5_J4,J4_J3,1,1,s,major(G)
J4,0,2,J5_J4,J4_J9,1,1,l,minor(g)
J4,0,3,J5_J4,J4_J10,1,1,l,minor(g)
J4,0,4,J5_J4,J4_J5,1,1,t,minor(g)
J4,0,15,J3_J4,J4_J9,0,0,r,major(G)
J4,0,16,J3_J4,J4_J10,0,1,R,major(G)
J4,0,17,J3_J4,J4_J5,0,0,s,major(G)
J4,0,18,J3_J4,J4_J5,1,1,s,major(G)
J4,0,19,J3_J4,J4_J3,1,1,t,minor(g)
J4,3,10,J9_J4,J4_J10,0,0,r,major(G)
J4,3,11,J9_J4,J4_J5,0,1,r,major(G)
J4,3,12,J9_J4,J4_J3,0,0,l,major(G)
J4,3,13,J9_J4,J4_J3,1,1,l,major(G)
J4,3,14,J9_J4,J4_J9,1,1,t,minor(g)
J4,3,15,J3_J4,J4_J9,0,0,r,major(G)
J4,5,5,J10_J4,J4_J5,0,0,r,major(G)
J4,5,6,J10_J4,J4_J3,0,0,s,major(G)
J4,5,7,J10_J4,J4_J3,1,1,s,major(G)
J4,5,8,J10_J4,J4_J9,1,1,l,major(G)
J4,5,9,J10_J4,J4_J10,1,1,t,minor(g)
J4,5,10,J9_J4,J4_J10,0,0,r,major(G)
J6,0,0,J1_J6,J6_HOME2,0,0,r,major(G)
J6,0,1,J1_J6,J6_POLICE1,0,0,R,major(G)
J6,0,2,J1_J6,J6_J11,0,0,s,major(G)
J6,0,3,J1_J6,J6_J11,1,1,s,major(G)
J6,0,4,J1_J6,J6_J8,1,1,L,minor(g)
J6,0,5,J1_J6,J6_J7,1,1,l,minor(g)
J6,0,6,J1_J6,J6_J1,1,1,t,minor(g)
J6,0,19,J11_J6,J6_J8,0,0,r,major(G)
J6,0,20,J11_J6,J6_J7,0,0,R,major(G)
J6,0,21,J11_J6,J6_J1,0,0,s,major(G)
J6,0,22,J11_J6,J6_J1,1,1,s,major(G)
J6,0,23,J11_J6,J6_HOME2,1,0,L,minor(g)
J6,0,24,J11_J6,J6_POLICE1,1,0,l,minor(g)
J6,0,25,J11_J6,J6_J11,1,1,t,minor(g)
J6,2,4,J1_J6,J6_J8,1,1,L,major(G)
J6,2,5,J1_J6,J6_J7,1,1,l,major(G)
J6,2,6,J1_J6,J6_J1,1,1,t,major(G)
J6,2,23,J11_J6,J6_HOME2,1,0,L,major(G)
J6,2,24,J11_J6,J6_POLICE1,1,0,l,major(G)
J6,2,25,J11_J6,J6_J11,1,1,t,major(G)
J6,4,13,J8_J6,J6_J1,0,0,R,minor(g)
J6,4,14,J8_J6,J6_HOME2,0,0,s,major(G)
J6,4,15,J8_J6,J6_POLICE1,1,0,L,minor(g)
J6,4,16,J8_J6,J6_J11,1,1,l,minor(g)
J6,4,17,J8_J6,J6_J7,1,0,l,minor(g)
J6,4,18,J8_J6,J6_J8,1,1,t,minor(g)
J6,4,32,HOME2_J6,J6_POLICE1,0,0,r,major(G)
J6,4,33,HOME2_J6,J6_J11,0,0,R,major(G)
J6,4,34,HOME2_J6,J6_J8,0,0,s,major(G)
J6,4,35,HOME2_J6,J6_J8,0,1,s,major(G)
J6,4,36,HOME2_J6,J6_J7,0,0,s,minor(g)
J6,4,37,HOME2_J6,J6_J7,0,1,s,minor(g)
J6,4,38,HOME2_J6,J6_J1,0,1,l,minor(g)
J6,4,39,HOME2_J6,J6_HOME2,0,0,t,minor(g)
J6,6,13,J8_J6,J6_J1,0,0,R,minor(g)
J6,6,15,J8_J6,J6_POLICE1,1,0,L,major(G)
J6,6,16,J8_J6,J6_J11,1,1,l,major(G)
J6,6,17,J8_J6,J6_J7,1,0,l,minor(g)
J6,6,18,J8_J6,J6_J8,1,1,t,major(G)
J6,6,36,HOME2_J6,J6_J7,0,0,s,major(G)
J6,6,37,HOME2_J6,J6_J7,0,1,s,major(G)
J6,6,38,HOME2_J6,J6_J1,0,1,l,minor(g)
J6,6,39,HOME2_J6,J6_HOME2,0,0,t,major(G)
J6,8,7,J7_J6,J6_J1,0,0,r,major(G)
J6,8,8,J7_J6,J6_HOME2,0,0,s,major(G)
J6,8,9,J7_J6,J6_POLICE1,1,0,L,major(G)
J6,8,10,J7_J6,J6_J11,1,1,L,minor(g)
J6,8,11,J7_J6,J6_J8,1,1,l,minor(g)
J6,8,12,J7_J6,J6_J7,1,1,t,minor(g)
J6,8,26,POLICE1_J6,J6_J11,0,0,r,major(G)
J6,8,27,POLICE1_J6,J6_J8,0,0,R,major(G)
J6,8,28,POLICE1_J6,J6_J7,0,1,R,major(G)
J6,8,29,POLICE1_J6,J6_J1,0,1,L,minor(g)
J6,8,30,POLICE1_J6,J6_HOME2,0,0,l,minor(g)
J6,8,31,POLICE1_J6,J6_POLICE1,0,0,t,minor(g)
J6,10,10,J7_J6,J6_J11,1,1,L,major(G)
J6,10,11,J7_J6,J6_J8,1,1,l,major(G)
J6,10,12,J7_J6,J6_J7,1,1,t,major(G)
J6,10,29,POLICE1_J6,J6_J1,0,1,L,major(G)
J6,10,30,POLICE1_J6,J6_HOME2,0,0,l,major(G)
J6,10,31,POLICE1_J6,J6_POLICE1,0,0,t,major(G)
J7,0,0,J2_J7,J7_J6,0,0,R,minor(g)
J7,0,1,J2_J7,J7_J12,0,0,s,major(G)
J7,0,2,J2_J7,J7_J12,1,1,s,major(G)
J7,0,3,J2_J7,J7_J9,1,1,L,minor(g)
J7,0,4,J2_J7,J7_J8,1,1,l,minor(g)
J7,0,5,J2_J7,J7_FIRE1,1,0,l,minor(g)
J7,0,6,J2_J7,J7_J2,1,1,t,minor(g)
J7,0,21,J12_J7,J7_J9,0,0,r,major(G)
J7,0,22,J12_J7,J7_J8,0,0,R,major(G)
J7,0,23,J12_J7,J7_J2,0,0,s,major(G)
J7,0,24,J12_J7,J7_J2,1,1,s,major(G)
J7,0,25,J12_J7,J7_FIRE1,1,0,s,minor(g)
J7,0,26,J12_J7,J7_J6,1,1,l,minor(g)
J7,0,27,J12_J7,J7_J12,1,1,t,minor(g)
J7,2,0,J2_J7,J7_J6,0,0,R,minor(g)
J7,2,3,J2_J7,J7_J9,1,1,L,major(G)
J7,2,4,J2_J7,J7_J8,1,1,l,major(G)
J7,2,5,J2_J7,J7_FIRE1,1,0,l,minor(g)
J7,2,6,J2_J7,J7_J2,1,1,t,major(G)
J7,2,25,J12_J7,J7_FIRE1,1,0,s,major(G)
J7,2,26,J12_J7,J7_J6,1,1,l,minor(g)
J7,2,27,J12_J7,J7_J12,1,1,t,major(G)
J7,4,7,J8_J7,J7_J2,0,0,r,major(G)
J7,4,8,J8_J7,J7_FIRE1,0,0,R,major(G)
J7,4,9,J8_J7,J7_J6,0,0,s,major(G)
J7,4,10,J8_J7,J7_J6,1,1,s,major(G)
J7,4,11,J8_J7,J7_J12,1,1,L,minor(g)
J7,4,12,J8_J7,J7_J9,1,1,l,minor(g)
J7,4,13,J8_J7,J7_J8,1,1,t,minor(g)
J7,4,28,J6_J7,J7_J12,0,0,r,major(G)
J7,4,29,J6_J7,J7_J9,0,0,s,major(G)
J7,4,30,J6_J7,J7_J9,1,1,s,major(G)
J7,4,31,J6_J7,J7_J8,1,0,s,major(G)
J7,4,32,J6_J7,J7_J8,1,1,s,major(G)
J7,4,33,J6_J7,J7_J2,1,1,L,minor(g)
J7,4,34,J6_J7,J7_FIRE1,1,0,l,minor(g)
J7,4,35,J6_J7,J7_J6,1,1,t,minor(g)
J7,6,11,J8_J7,J7_J12,1,1,L,major(G)
J7,6,12,J8_J7,J7_J9,1,1,l,major(G)
J7,6,13,J8_J7,J7_J8,1,1,t,major(G)
J7,6,33,J6_J7,J7_J2,1,1,L,major(G)
J7,6,34,J6_J7,J7_FIRE1,1,0,l,major(G)
J7,6,35,J6_J7,J7_J6,1,1,t,major(G)
J7,8,14,J9_J7,J7_J2,0,0,R,major(G)
J7,8,15,J9_J7,J7_FIRE1,0,0,R,major(G)
J7,8,16,J9_J7,J7_J6,0,0,s,minor(g)
J7,8,17,J9_J7,J7_J6,1,1,s,minor(g)
J7,8,18,J9_J7,J7_J12,1,1,l,minor(g)
J7,8,19,J9_J7,J7_J8,1,0,l,major(G)
J7,8,20,J9_J7,J7_J9,1,1,t,minor(g)
J7,8,36,FIRE1_J7,J7_J6,0,0,r,minor(g)
J7,8,37,FIRE1_J7,J7_J12,0,0,s,major(G)
J7,8,38,FIRE1_J7,J7_J9,0,1,L,minor(g)
J7,8,39,FIRE1_J7,J7_J8,0,1,L,minor(g)
J7,8,40,FIRE1_J7,J7_J2,0,1,l,minor(g)
J7,8,41,FIRE1_J7,J7_FIRE1,0,0,t,minor(g)
J7,10,16,J9_J7,J7_J6,0,0,s,major(G)
J7,10,17,J9_J7,J7_J6,1,1,s,major(G)
J7,10,18,J9_J7,J7_J12,1,1,l,minor(g)
J7,10,36,FIRE1_J7,J7_J6,0,0,r,minor(g)
J7,10,38,FIRE1_J7,J7_J9,0,1,L,minor(g)
J7,10,39,FIRE1_J7,J7_J8,0,1,L,major(G)
J7,10,40,FIRE1_J7,J7_J2,0,1,l,major(G)
J7,10,41,FIRE1_J7,J7_FIRE1,0,0,t,major(G)
J8,0,0,J3_J8,J8_J7,0,0,r,major(G)
J8,0,1,J3_J8,J8_J6,0,0,R,major(G)
J8,0,2,J3_J8,J8_J16,0,0,s,major(G)
J8,0,3,J3_J8,J8_J16,1,1,s,major(G)
J8,0,4,J3_J8,J8_J13,1,0,s,major(G)
J8,0,5,J3_J8,J8_J13,1,1,s,major(G)
J8,0,6,J3_J8,J8_J9,1,1,l,minor(g)
J8,0,7,J3_J8,J8_J3,1,1,t,minor(g)
J8,0,16,J13_J8,J8_J9,0,0,r,major(G)
J8,0,17,J13_J8,J8_J3,0,0,s,major(G)
J8,0,18,J13_J8,J8_J3,1,1,s,major(G)
J8,0,19,J13_J8,J8_J7,1,1,L,minor(g)
J8,0,20,J13_J8,J8_J6,1,1,L,minor(g)
J8,0,21,J13_J8,J8_J16,1,1,l,minor(g)
J8,0,22,J13_J8,J8_J13,1,1,t,minor(g)
J8,2,6,J3_J8,J8_J9,1,1,l,major(G)
J8,2,7,J3_J8,J8_J3,1,1,t,major(G)
J8,2,19,J13_J8,J8_J7,1,1,L,major(G)
J8,2,20,J13_J8,J8_J6,1,1,L,major(G)
J8,2,21,J13_J8,J8_J16,1,1,l,major(G)
J8,2,22,J13_J8,J8_J13,1,1,t,major(G)
J8,4,8,J9_J8,J8_J3,0,0,r,major(G)
J8,4,9,J9_J8,J8_J7,0,0,s,major(G)
J8,4,10,J9_J8,J8_J7,1,1,s,major(G)
J8,4,11,J9_J8,J8_J6,1,0,s,major(G)
J8,4,12,J9_J8,J8_J6,1,1,s,major(G)
J8,4,13,J9_J8,J8_J16,1,1,L,minor(g)
J8,4,14,J9_J8,J8_J13,1,1,l,minor(g)
J8,4,15,J9_J8,J8_J9,1,1,t,minor(g)
J8,4,30,J6_J8,J8_J16,0,0,r,major(G)
J8,4,31,J6_J8,J8_J13,0,0,R,major(G)
J8,4,32,J6_J8,J8_J9,0,0,s,major(G)
J8,4,33,J6_J8,J8_J9,1,1,s,major(G)
J8,4,34,J6_J8,J8_J3,1,1,L,minor(g)
J8,4,35,J6_J8,J8_J7,1,1,l,minor(g)
J8,4,36,J6_J8,J8_J6,1,1,t,minor(g)
J8,6,13,J9_J8,J8_J16,1,1,L,major(G)
J8,6,14,J9_J8,J8_J13,1,1,l,major(G)
J8,6,15,J9_J8,J8_J9,1,1,t,major(G)
J8,6,34,J6_J8,J8_J3,1,1,L,major(G)
J8,6,35,J6_J8,J8_J7,1,1,l,major(G)
J8,6,36,J6_J8,J8_J6,1,1,t,major(G)
J8,8,0,J3_J8,J8_J7,0,0,r,major(G)
J8,8,37,J7_J8,J8_J16,0,0,R,major(G)
J8,8,38,J7_J8,J8_J13,0,1,R,major(G)
J8,8,39,J7_J8,J8_J9,0,0,s,major(G)
J8,8,40,J7_J8,J8_J9,1,1,s,major(G)
J8,8,41,J7_J8,J8_J3,1,1,l,major(G)
J8,8,42,J7_J8,J8_J6,1,0,l,major(G)
J8,8,43,J7_J8,J8_J7,1,1,t,minor(g)
J8,10,23,J16_J8,J8_J9,0,0,R,major(G)
J8,10,24,J16_J8,J8_J3,0,0,s,major(G)
J8,10,25,J16_J8,J8_J3,1,1,s,major(G)
J8,10,26,J16_J8,J8_J7,1,1,L,major(G)
J8,10,27,J16_J8,J8_J6,1,1,l,major(G)
J8,10,28,J16_J8,J8_J13,1,0,l,major(G)
J8,10,29,J16_J8,J8_J16,1,1,t,minor(g)
J8,10,30,J6_J8,J8_J16,0,0,r,major(G)
J9,0,0,J4_J9,J9_J8,0,0,r,major(G)
J9,0,1,J4_J9,J9_J7,0,0,R,major(G)
J9,0,2,J4_J9,J9_J14,0,0,s,major(G)
J9,0,3,J4_J9,J9_J14,1,1,s,major(G)
J9,0,4,J4_J9,J9_J10,1,1,L,minor(g)
J9,0,5,J4_J9,J9_SHOP1,1,0,l,minor(g)
J9,0,6,J4_J9,J9_HOSP3,1,0,l,minor(g)
J9,0,7,J4_J9,J9_J4,1,1,t,minor(g)
J9,0,31,J14_J9,J9_J10,0,0,r,major(G)
J9,0,32,J14_J9,J9_SHOP1,0,0,R,major(G)
J9,0,33,J14_J9,J9_HOSP3,0,0,R,major(G)
J9,0,34,J14_J9,J9_J4,0,0,s,major(G)
J9,0,35,J14_J9,J9_J4,1,1,s,major(G)
J9,0,36,J14_J9,J9_J8,1,1,L,minor(g)
J9,0,37,J14_J9,J9_J7,1,1,l,minor(g)
J9,0,38,J14_J9,J9_J14,1,1,t,minor(g)
J9,2,4,J4_J9,J9_J10,1,1,L,major(G)
J9,2,5,J4_J9,J9_SHOP1,1,0,l,major(G)
J9,2,6,J4_J9,J9_HOSP3,1,0,l,major(G)
J9,2,7,J4_J9,J9_J4,1,1,t,major(G)
J9,2,36,J14_J9,J9_J8,1,1,L,major(G)
J9,2,37,J14_J9,J9_J7,1,1,l,major(G)
J9,2,38,J14_J9,J9_J14,1,1,t,major(G)
J9,4,8,HOSP3_J9,J9_J4,0,0,r,major(G)
J9,4,9,HOSP3_J9,J9_J8,0,0,R,major(G)
J9,4,10,HOSP3_J9,J9_J7,0,0,R,major(G)
J9,4,11,HOSP3_J9,J9_J14,0,1,s,minor(g)
J9,4,12,HOSP3_J9,J9_J10,0,1,l,minor(g)
J9,4,13,HOSP3_J9,J9_SHOP1,0,0,l,minor(g)
J9,4,14,HOSP3_J9,J9_HOSP3,0,0,t,minor(g)
J9,4,39,J7_J9,J9_J14,0,0,r,minor(g)
J9,4,40,J7_J9,J9_J10,0,0,s,major(G)
J9,4,41,J7_J9,J9_J10,1,1,s,major(G)
J9,4,42,J7_J9,J9_SHOP1,1,0,L,minor(g)
J9,4,43,J7_J9,J9_HOSP3,1,0,L,minor(g)
J9,4,44,J7_J9,J9_J4,1,1,L,minor(g)
J9,4,45,J7_J9,J9_J8,1,1,l,minor(g)
J9,4,46,J7_J9,J9_J7,1,1,t,minor(g)
J9,6,11,HOSP3_J9,J9_J14,0,1,s,major(G)
J9,6,12,HOSP3_J9,J9_J10,0,1,l,minor(g)
J9,6,13,HOSP3_J9,J9_SHOP1,0,0,l,minor(g)
J9,6,14,HOSP3_J9,J9_HOSP3,0,0,t,minor(g)
J9,6,39,J7_J9,J9_J14,0,0,r,minor(g)
J9,6,42,J7_J9,J9_SHOP1,1,0,L,minor(g)
J9,6,43,J7_J9,J9_HOSP3,1,0,L,minor(g)
J9,6,44,J7_J9,J9_J4,1,1,L,major(G)
J9,6,45,J7_J9,J9_J8,1,1,l,major(G)
J9,6,46,J7_J9,J9_J7,1,1,t,major(G)
J9,8,22,J10_J9,J9_SHOP1,0,0,r,major(G)
J9,8,23,J10_J9,J9_HOSP3,0,0,r,major(G)
J9,8,24,J10_J9,J9_J4,0,0,R,major(G)
J9,8,25,J10_J9,J9_J8,0,0,s,major(G)
J9,8,26,J10_J9,J9_J8,1,1,s,major(G)
J9,8,27,J10_J9,J9_J7,1,0,s,minor(g)
J9,8,28,J10_J9,J9_J7,1,1,s,minor(g)
J9,8,29,J10_J9,J9_J14,1,1,l,minor(g)
J9,8,30,J10_J9,J9_J10,1,1,t,minor(g)
J9,8,47,J8_J9,J9_J14,0,0,R,minor(g)
J9,8,48,J8_J9,J9_J10,0,0,s,major(G)
J9,8,49,J8_J9,J9_J10,1,1,s,major(G)
J9,8,50,J8_J9,J9_SHOP1,1,0,L,minor(g)
J9,8,51,J8_J9,J9_HOSP3,1,0,L,minor(g)
J9,8,52,J8_J9,J9_J4,1,1,l,minor(g)
J9,8,53,J8_J9,J9_J7,1,0,l,minor(g)
J9,8,54,J8_J9,J9_J8,1,1,t,minor(g)
J9,10,27,J10_J9,J9_J7,1,0,s,major(G)
J9,10,28,J10_J9,J9_J7,1,1,s,major(G)
J9,10,29,J10_J9,J9_J14,1,1,l,minor(g)
J9,10,30,J10_J9,J9_J10,1,1,t,major(G)
J9,10,47,J8_J9,J9_J14,0,0,R,minor(g)
J9,10,50,J8_J9,J9_SHOP1,1,0,L,major(G)
J9,10,51,J8_J9,J9_HOSP3,1,0,L,major(G)
J9,10,52,J8_J9,J9_J4,1,1,l,major(G)
J9,10,53,J8_J9,J9_J7,1,0,l,minor(g)
J9,10,54,J8_J9,J9_J8,1,1,t,major(G)
J9,12,15,SHOP1_J9,J9_HOSP3,0,0,r,major(G)
J9,12,16,SHOP1_J9,J9_J4,0,0,r,major(G)
J9,12,17,SHOP1_J9,J9_J8,0,0,R,major(G)
J9,12,18,SHOP1_J9,J9_J7,0,1,R,major(G)
J9,12,19,SHOP1_J9,J9_J14,0,1,L,major(G)
J9,12,20,SHOP1_J9,J9_J10,0,1,l,major(G)
J9,12,21,SHOP1_J9,J9_SHOP1,0,0,t,minor(g)
J9,12,22,J10_J9,J9_SHOP1,0,0,r,major(G)
J10,0,0,J5_J10,J10_J4,0,0,r,major(G)
J10,0,1,J5_J10,J10_J9,0,0,R,major(G)
J10,0,2,J5_J10,J10_J15,0,0,s,major(G)
J10,0,3,J5_J10,J10_J15,1,1,s,major(G)
J10,0,4,J5_J10,J10_HOME6,1,0,l,minor(g)
J10,0,5,J5_J10,J10_J5,1,1,t,minor(g)
J10,0,12,J15_J10,J10_HOME6,0,0,r,major(G)
J10,0,13,J15_J10,J10_J5,0,0,s,major(G)
J10,0,14,J15_J10,J10_J5,1,1,s,major(G)
J10,0,15,J15_J10,J10_J4,1,1,L,minor(g)
J10,0,16,J15_J10,J10_J9,1,1,l,minor(g)
J10,0,17,J15_J10,J10_J15,1,1,t,minor(g)
J10,2,4,J5_J10,J10_HOME6,1,0,l,major(G)
J10,2,5,J5_J10,J10_J5,1,1,t,major(G)
J10,2,15,J15_J10,J10_J4,1,1,L,major(G)
J10,2,16,J15_J10,J10_J9,1,1,l,major(G)
J10,2,17,J15_J10,J10_J15,1,1,t,major(G)
J10,4,6,HOME6_J10,J10_J5,0,0,r,major(G)
J10,4,7,HOME6_J10,J10_J4,0,0,R,major(G)
J10,4,8,HOME6_J10,J10_J9,0,0,s,major(G)
J10,4,9,HOME6_J10,J10_J9,0,1,s,major(G)
J10,4,10,HOME6_J10,J10_J15,0,1,l,minor(g)
J10,4,11,HOME6_J10,J10_HOME6,0,0,t,minor(g)
J10,4,18,J9_J10,J10_J15,0,0,r,major(G)
J10,4,19,J9_J10,J10_HOME6,0,0,s,major(G)
J10,4,20,J9_J10,J10_J5,1,1,L,minor(g)
J10,4,21,J9_J10,J10_J4,1,1,l,minor(g)
J10,4,22,J9_J10,J10_J9,1,1,t,minor(g)
J10,6,10,HOME6_J10,J10_J15,0,1,l,major(G)
J10,6,11,HOME6_J10,J10_HOME6,0,0,t,major(G)
J10,6,20,J9_J10,J10_J5,1,1,L,major(G)
J10,6,21,J9_J10,J10_J4,1,1,l,major(G)
J10,6,22,J9_J10,J10_J9,1,1,t,major(G)
J10,9,0,J5_J10,J10_J4,0,0,r,major(G)
J10,9,23,J4_J10,J10_J9,0,0,r,major(G)
J10,9,24,J4_J10,J10_J15,0,0,s,major(G)
J10,9,25,J4_J10,J10_J15,1,1,s,major(G)
J10,9,26,J4_J10,J10_HOME6,1,0,L,major(G)
J10,9,27,J4_J10,J10_J5,1,1,l,major(G)
J10,9,28,J4_J10,J10_J4,1,1,t,minor(g)
J11,0,5,J16_J11,J11_J6,0,0,r,major(G)
J11,0,6,J16_J11,J11_HOME3,0,0,s,major(G)
J11,0,7,J16_J11,J11_J12,1,1,l,minor(g)
J11,0,8,J16_J11,J11_J16,1,1,t,minor(g)
J11,0,13,HOME3_J11,J11_J12,0,0,R,major(G)
J11,0,14,HOME3_J11,J11_J16,0,0,s,major(G)
J11,0,15,HOME3_J11,J11_J16,0,1,s,major(G)
J11,0,16,HOME3_J11,J11_J6,0,1,l,minor(g)
J11,0,17,HOME3_J11,J11_HOME3,0,0,t,minor(g)
J11,2,7,J16_J11,J11_J12,1,1,l,major(G)
J11,2,8,J16_J11,J11_J16,1,1,t,major(G)
J11,2,16,HOME3_J11,J11_J6,0,1,l,major(G)
J11,2,17,HOME3_J11,J11_HOME3,0,0,t,major(G)
J11,5,0,J6_J11,J11_HOME3,0,0,r,minor(g)
J11,5,1,J6_J11,J11_J12,0,0,L,minor(g)
J11,5,2,J6_J11,J11_J12,1,1,L,minor(g)
J11,5,3,J6_J11,J11_J16,1,1,l,minor(g)
J11,5,4,J6_J11,J11_J6,1,1,t,minor(g)
J11,5,9,J12_J11,J11_J16,0,0,r,major(G)
J11,5,10,J12_J11,J11_J6,0,1,R,major(G)
J11,5,11,J12_J11,J11_HOME3,0,0,s,major(G)
J11,5,12,J12_J11,J11_J12,1,1,t,minor(g)
J12,0,12,J13_J12,J12_J15,0,0,r,major(G)
J12,0,13,J13_J12,J12_J7,0,0,R,major(G)
J12,0,14,J13_J12,J12_J2,0,1,R,major(G)
J12,0,15,J13_J12,J12_J11,0,0,s,major(G)
J12,0,16,J13_J12,J12_J11,1,1,s,major(G)
J12,0,17,J13_J12,J12_J13,1,1,t,minor(g)
J12,0,18,J11_J12,J12_J13,0,0,s,major(G)
J12,0,19,J11_J12,J12_J13,1,1,s,major(G)
J12,0,20,J11_J12,J12_J15,1,0,L,minor(g)
J12,0,21,J11_J12,J12_J7,1,1,l,minor(g)
J12,0,22,J11_J12,J12_J2,1,1,l,minor(g)
J12,0,23,J11_J12,J12_J11,1,1,t,minor(g)
J12,2,18,J11_J12,J12_J13,0,0,s,major(G)
J12,2,19,J11_J12,J12_J13,1,1,s,major(G)
J12,2,20,J11_J12,J12_J15,1,0,L,major(G)
J12,2,21,J11_J12,J12_J7,1,1,l,major(G)
J12,2,22,J11_J12,J12_J2,1,1,l,major(G)
J12,2,23,J11_J12,J12_J11,1,1,t,major(G)
J12,5,4,J7_J12,J12_J2,1,0,l,major(G)
J12,5,24,J2_J12,J12_J11,0,0,r,major(G)
J12,5,25,J2_J12,J12_J13,0,0,L,major(G)
J12,5,26,J2_J12,J12_J13,1,1,L,major(G)
J12,5,27,J2_J12,J12_J15,1,1,l,major(G)
J12,5,28,J2_J12,J12_J7,1,1,l,major(G)
J12,5,29,J2_J12,J12_J2,1,1,t,minor(g)
J12,8,0,J7_J12,J12_J11,0,0,r,major(G)
J12,8,1,J7_J12,J12_J13,0,0,L,major(G)
J12,8,2,J7_J12,J12_J13,1,1,L,major(G)
J12,8,3,J7_J12,J12_J15,1,1,l,major(G)
J12,8,4,J7_J12,J12_J2,1,0,l,major(G)
J12,8,5,J7_J12,J12_J7,1,1,t,minor(g)
J12,8,6,J15_J12,J12_J7,0,0,r,major(G)
J12,11,6,J15_J12,J12_J7,0,0,r,major(G)
J12,11,7,J15_J12,J12_J2,0,0,r,major(G)
J12,11,8,J15_J12,J12_J11,0,0,s,major(G)
J12,11,9,J15_J12,J12_J11,1,1,s,major(G)
J12,11,10,J15_J12,J12_J13,1,1,l,major(G)
J12,11,11,J15_J12,J12_J15,1,1,t,minor(g)
J12,11,12,J13_J12,J12_J15,0,0,r,major(G)
J13,0,6,J14_J13,J13_J8,0,0,r,major(G)
J13,0,7,J14_J13,J13_J16,0,0,r,major(G)
J13,0,8,J14_J13,J13_J12,0,0,s,major(G)
J13,0,9,J14_J13,J13_J12,1,1,s,major(G)
J13,0,10,J14_J13,J13_HOME4,1,0,L,minor(g)
J13,0,11,J14_J13,J13_HOSP4,1,0,l,minor(g)
J13,0,12,J14_J13,J13_J14,1,1,t,minor(g)
J13,0,27,J12_J13,J13_HOME4,0,0,r,major(G)
J13,0,28,J12_J13,J13_HOSP4,0,0,R,major(G)
J13,0,29,J12_J13,J13_J14,0,0,s,major(G)
J13,0,30,J12_J13,J13_J14,1,1,s,major(G)
J13,0,31,J12_J13,J13_J8,1,1,l,minor(g)
J13,0,32,J12_J13,J13_J16,1,1,l,minor(g)
J13,0,33,J12_J13,J13_J12,1,1,t,minor(g)
J13,2,10,J14_J13,J13_HOME4,1,0,L,major(G)
J13,2,11,J14_J13,J13_HOSP4,1,0,l,major(G)
J13,2,12,J14_J13,J13_J14,1,1,t,major(G)
J13,2,31,J12_J13,J13_J8,1,1,l,major(G)
J13,2,32,J12_J13,J13_J16,1,1,l,major(G)
J13,2,33,J12_J13,J13_J12,1,1,t,major(G)
J13,4,13,HOSP4_J13,J13_J14,0,0,r,major(G)
J13,4,14,HOSP4_J13,J13_J8,0,0,s,major(G)
J13,4,15,HOSP4_J13,J13_J8,0,1,s,major(G)
J13,4,16,HOSP4_J13,J13_J16,0,1,R,major(G)
J13,4,17,HOSP4_J13,J13_J12,0,1,s,minor(g)
J13,4,18,HOSP4_J13,J13_HOME4,0,0,l,minor(g)
J13,4,19,HOSP4_J13,J13_HOSP4,0,0,t,minor(g)
J13,4,34,J16_J13,J13_J12,0,0,r,minor(g)
J13,4,35,J16_J13,J13_HOME4,0,0,R,minor(g)
J13,4,36,J16_J13,J13_HOSP4,1,0,s,major(G)
J13,4,37,J16_J13,J13_J14,1,1,l,minor(g)
J13,4,38,J16_J13,J13_J8,1,1,l,minor(g)
J13,4,39,J16_J13,J13_J16,1,1,t,minor(g)
J13,6,17,HOSP4_J13,J13_J12,0,1,s,major(G)
J13,6,18,HOSP4_J13,J13_HOME4,0,0,l,minor(g)
J13,6,19,HOSP4_J13,J13_HOSP4,0,0,t,major(G)
J13,6,34,J16_J13,J13_J12,0,0,r,minor(g)
J13,6,35,J16_J13,J13_HOME4,0,0,R,minor(g)
J13,6,37,J16_J13,J13_J14,1,1,l,major(G)
J13,6,38,J16_J13,J13_J8,1,1,l,major(G)
J13,6,39,J16_J13,J13_J16,1,1,t,major(G)
J13,8,0,J8_J13,J13_J12,0,0,r,minor(g)
J13,8,1,J8_J13,J13_HOME4,0,0,R,minor(g)
J13,8,2,J8_J13,J13_HOSP4,1,0,s,minor(g)
J13,8,3,J8_J13,J13_J14,1,1,l,minor(g)
J13,8,4,J8_J13,J13_J16,1,0,l,minor(g)
J13,8,5,J8_J13,J13_J8,1,1,t,minor(g)
J13,8,20,HOME4_J13,J13_HOSP4,0,0,r,minor(g)
J13,8,21,HOME4_J13,J13_J14,0,0,s,major(G)
J13,8,22,HOME4_J13,J13_J8,0,1,L,minor(g)
J13,8,23,HOME4_J13,J13_J16,0,0,s,major(G)
J13,8,24,HOME4_J13,J13_J16,0,1,s,major(G)
J13,8,25,HOME4_J13,J13_J12,0,1,l,minor(g)
J13,8,26,HOME4_J13,J13_HOME4,0,0,t,minor(g)
J13,10,0,J8_J13,J13_J12,0,0,r,major(G)
J13,10,1,J8_J13,J13_HOME4,0,0,R,major(G)
J13,10,2,J8_J13,J13_HOSP4,1,0,s,major(G)
J13,10,3,J8_J13,J13_J14,1,1,l,minor(g)
J13,10,4,J8_J13,J13_J16,1,0,l,major(G)
J13,10,5,J8_J13,J13_J8,1,1,t,minor(g)
J13,10,20,HOME4_J13,J13_HOSP4,0,0,r,minor(g)
J13,10,22,HOME4_J13,J13_J8,0,1,L,minor(g)
J13,10,25,HOME4_J13,J13_J12,0,1,l,minor(g)
J13,10,26,HOME4_J13,J13_HOME4,0,0,t,minor(g)
J14,0,4,J15_J14,J14_J9,0,0,r,major(G)
J14,0,5,J15_J14,J14_J13,0,0,s,major(G)
J14,0,6,J15_J14,J14_J13,1,1,s,major(G)
J14,0,7,J15_J14,J14_J15,1,1,t,minor(g)
J14,0,8,J13_J14,J14_J15,0,0,s,major(G)
J14,0,9,J13_J14,J14_J15,1,1,s,major(G)
J14,0,10,J13_J14,J14_J9,1,1,l,minor(g)
J14,0,11,J13_J14,J14_J13,1,1,t,minor(g)
J14,2,0,J9_J14,J14_J13,0,0,r,major(G)
J14,2,1,J9_J14,J14_J13,1,1,r,major(G)
J14,2,2,J9_J14,J14_J15,1,1,l,major(G)
J14,2,3,J9_J14,J14_J9,1,1,t,minor(g)
J14,2,4,J15_J14,J14_J9,0,0,r,major(G)
J15,0,5,HOME5_J15,J15_J10,0,0,r,major(G)
J15,0,6,HOME5_J15,J15_J12,0,0,s,major(G)
J15,0,7,HOME5_J15,J15_J12,0,1,s,major(G)
J15,0,8,HOME5_J15,J15_J14,0,0,s,minor(g)
J15,0,9,HOME5_J15,J15_J14,0,1,s,minor(g)
J15,0,10,HOME5_J15,J15_HOME5,0,0,t,minor(g)
J15,0,15,J12_J15,J15_HOME5,0,0,s,major(G)
J15,0,16,J12_J15,J15_J10,1,1,l,minor(g)
J15,0,17,J12_J15,J15_J14,1,0,r,minor(g)
J15,0,18,J12_J15,J15_J12,1,1,t,minor(g)
J15,3,0,J10_J15,J15_J12,0,0,r,major(G)
J15,3,1,J10_J15,J15_J14,0,0,R,major(G)
J15,3,2,J10_J15,J15_J14,1,1,R,major(G)
J15,3,3,J10_J15,J15_HOME5,1,0,l,minor(g)
J15,3,4,J10_J15,J15_J10,1,1,t,minor(g)
J15,3,11,J14_J15,J15_HOME5,0,0,s,major(G)
J15,3,12,J14_J15,J15_J10,1,1,L,major(G)
J15,3,13,J14_J15,J15_J12,1,1,l,minor(g)
J15,3,14,J14_J15,J15_J14,1,1,t,minor(g)
J15,5,3,J10_J15,J15_HOME5,1,0,l,major(G)
J15,5,4,J10_J15,J15_J10,1,1,t,major(G)
J15,5,13,J14_J15,J15_J12,1,1,l,major(G)
J15,5,14,J14_J15,J15_J14,1,1,t,major(G)
J16,0,0,J3_J16,J16_J2,0,0,r,major(G)
J16,0,1,J3_J16,J16_J11,0,0,R,major(G)
J16,0,2,J3_J16,J16_J13,0,0,s,major(G)
J16,0,3,J3_J16,J16_J13,1,1,s,major(G)
J16,0,4,J3_J16,J16_J8,1,1,l,minor(g)
J16,0,5,J3_J16,J16_J3,1,1,t,minor(g)
J16,0,12,J13_J16,J16_J8,0,0,s,major(G)
J16,0,13,J13_J16,J16_J8,1,1,s,major(G)
J16,0,14,J13_J16,J16_J3,1,0,s,major(G)
J16,0,15,J13_J16,J16_J3,1,1,s,major(G)
J16,0,16,J13_J16,J16_J2,1,1,L,minor(g)
J16,0,17,J13_J16,J16_J11,1,1,l,minor(g)
J16,0,18,J13_J16,J16_J13,1,1,t,minor(g)
J16,2,4,J3_J16,J16_J8,1,1,l,major(G)
J16,2,5,J3_J16,J16_J3,1,1,t,major(G)
J16,2,16,J13_J16,J16_J2,1,1,L,major(G)
J16,2,17,J13_J16,J16_J11,1,1,l,major(G)
J16,2,18,J13_J16,J16_J13,1,1,t,major(G)
J16,5,6,J8_J16,J16_J2,0,0,r,major(G)
J16,5,7,J8_J16,J16_J11,0,1,R,major(G)
J16,5,8,J8_J16,J16_J13,0,0,s,major(G)
J16,5,9,J8_J16,J16_J13,1,1,s,major(G)
J16,5,10,J8_J16,J16_J3,1,0,l,major(G)
J16,5,11,J8_J16,J16_J8,1,1,t,minor(g)
J16,5,19,J11_J16,J16_J13,0,0,r,minor(g)
J16,5,20,J11_J16,J16_J8,0,0,L,minor(g)
J16,5,21,J11_J16,J16_J8,1,1,L,minor(g)
J16,5,22,J11_J16,J16_J3,1,1,L,minor(g)
J16,5,23,J11_J16,J16_J2,1,1,l,minor(g)
J16,5,24,J11_J16,J16_J11,1,1,t,minor(g)
J16,8,0,J3_J16,J16_J2,0,0,r,major(G)
J16,8,25,J2_J16,J16_J11,0,0,r,major(G)
J16,8,26,J2_J16,J16_J13,0,0,s,major(G)
J16,8,27,J2_J16,J16_J13,1,1,s,major(G)
J16,8,28,J2_J16,J16_J8,1,1,l,major(G)
J16,8,29,J2_J16,J16_J3,1,1,l,major(G)
J16,8,30,J2_J16,J16_J2,1,1,t,minor(g)
