junction_id,from_green_phase,to_green_phase,intermediate_phases_in_order
J1,0,2,1(mixed(green+yellow))
J1,0,4,1(mixed(green+yellow)) -> 2(green) -> 3(yellow)
J1,0,6,1(mixed(green+yellow)) -> 2(green) -> 3(yellow) -> 4(green) -> 5(mixed(green+yellow))
J1,2,0,3(yellow) -> 4(green) -> 5(mixed(green+yellow)) -> 6(green) -> 7(yellow)
J1,2,4,3(yellow)
J1,2,6,3(yellow) -> 4(green) -> 5(mixed(green+yellow))
J1,4,0,5(mixed(green+yellow)) -> 6(green) -> 7(yellow)
J1,4,2,5(mixed(green+yellow)) -> 6(green) -> 7(yellow) -> 0(green) -> 1(mixed(green+yellow))
J1,4,6,5(mixed(green+yellow))
J1,6,0,7(yellow)
J1,6,2,7(yellow) -> 0(green) -> 1(mixed(green+yellow))
J1,6,4,7(yellow) -> 0(green) -> 1(mixed(green+yellow)) -> 2(green) -> 3(yellow)
J2,0,3,1(yellow) -> 2(all-red)
J2,0,6,1(yellow) -> 2(all-red) -> 3(green) -> 4(yellow) -> 5(all-red)
J2,0,8,1(yellow) -> 2(all-red) -> 3(green) -> 4(yellow) -> 5(all-red) -> 6(green) -> 7(yellow)
J2,0,11,1(yellow) -> 2(all-red) -> 3(green) -> 4(yellow) -> 5(all-red) -> 6(green) -> 7(yellow) -> 8(green) -> 9(yellow) -> 10(all-red)
J2,3,0,4(yellow) -> 5(all-red) -> 6(green) -> 7(yellow) -> 8(green) -> 9(yellow) -> 10(all-red) -> 11(green) -> 12(yellow) -> 13(all-red)
J2,3,6,4(yellow) -> 5(all-red)
J2,3,8,4(yellow) -> 5(all-red) -> 6(green) -> 7(yellow)
J2,3,11,4(yellow) -> 5(all-red) -> 6(green) -> 7(yellow) -> 8(green) -> 9(yellow) -> 10(all-red)
J2,6,0,7(yellow) -> 8(green) -> 9(yellow) -> 10(all-red) -> 11(green) -> 12(yellow) -> 13(all-red)
J2,6,3,7(yellow) -> 8(green) -> 9(yellow) -> 10(all-red) -> 11(green) -> 12(yellow) -> 13(all-red) -> 0(green) -> 1(yellow) -> 2(all-red)
J2,6,8,7(yellow)
J2,6,11,7(yellow) -> 8(green) -> 9(yellow) -> 10(all-red)
J2,8,0,9(yellow) -> 10(all-red) -> 11(green) -> 12(yellow) -> 13(all-red)
J2,8,3,9(yellow) -> 10(all-red) -> 11(green) -> 12(yellow) -> 13(all-red) -> 0(green) -> 1(yellow) -> 2(all-red)
J2,8,6,9(yellow) -> 10(all-red) -> 11(green) -> 12(yellow) -> 13(all-red) -> 0(green) -> 1(yellow) -> 2(all-red) -> 3(green) -> 4(yellow) -> 5(all-red)
J2,8,11,9(yellow) -> 10(all-red)
J2,11,0,12(yellow) -> 13(all-red)
J2,11,3,12(yellow) -> 13(all-red) -> 0(green) -> 1(yellow) -> 2(all-red)
J2,11,6,12(yellow) -> 13(all-red) -> 0(green) -> 1(yellow) -> 2(all-red) -> 3(green) -> 4(yellow) -> 5(all-red)
J2,11,8,12(yellow) -> 13(all-red) -> 0(green) -> 1(yellow) -> 2(all-red) -> 3(green) -> 4(yellow) -> 5(all-red) -> 6(green) -> 7(yellow)
J3,0,2,1(yellow)
J3,0,4,1(yellow) -> 2(green) -> 3(mixed(green+yellow))
J3,0,6,1(yellow) -> 2(green) -> 3(mixed(green+yellow)) -> 4(green) -> 5(mixed(green+yellow))
J3,2,0,3(mixed(green+yellow)) -> 4(green) -> 5(mixed(green+yellow)) -> 6(green) -> 7(yellow)
J3,2,4,3(mixed(green+yellow))
J3,2,6,3(mixed(green+yellow)) -> 4(green) -> 5(mixed(green+yellow))
J3,4,0,5(mixed(green+yellow)) -> 6(green) -> 7(yellow)
J3,4,2,5(mixed(green+yellow)) -> 6(green) -> 7(yellow) -> 0(green) -> 1(yellow)
J3,4,6,5(mixed(green+yellow))
J3,6,0,7(yellow)
J3,6,2,7(yellow) -> 0(green) -> 1(yellow)
J3,6,4,7(yellow) -> 0(green) -> 1(yellow) -> 2(green) -> 3(mixed(green+yellow))
J4,0,3,1(yellow) -> 2(all-red)
J4,0,5,1(yellow) -> 2(all-red) -> 3(green) -> 4(mixed(green+yellow))
J4,3,0,4(mixed(green+yellow)) -> 5(green) -> 6(yellow) -> 7(all-red)
J4,3,5,4(mixed(green+yellow))
J4,5,0,6(yellow) -> 7(all-red)
J4,5,3,6(yellow) -> 7(all-red) -> 0(green) -> 1(yellow) -> 2(all-red)
J6,0,2,1(mixed(green+yellow))
J6,0,4,1(mixed(green+yellow)) -> 2(green) -> 3(yellow)
J6,0,6,1(mixed(green+yellow)) -> 2(green) -> 3(yellow) -> 4(green) -> 5(mixed(green+yellow))
J6,0,8,1(mixed(green+yellow)) -> 2(green) -> 3(yellow) -> 4(green) -> 5(mixed(green+yellow)) -> 6(green) -> 7(yellow)
J6,0,10,1(mixed(green+yellow)) -> 2(green) -> 3(yellow) -> 4(green) -> 5(mixed(green+yellow)) -> 6(green) -> 7(yellow) -> 8(green) -> 9(mixed(green+yellow))
J6,2,0,3(yellow) -> 4(green) -> 5(mixed(green+yellow)) -> 6(green) -> 7(yellow) -> 8(green) -> 9(mixed(green+yellow)) -> 10(green) -> 11(yellow)
J6,2,4,3(yellow)
J6,2,6,3(yellow) -> 4(green) -> 5(mixed(green+yellow))
J6,2,8,3(yellow) -> 4(green) -> 5(mixed(green+yellow)) -> 6(green) -> 7(yellow)
J6,2,10,3(yellow) -> 4(green) -> 5(mixed(green+yellow)) -> 6(green) -> 7(yellow) -> 8(green) -> 9(mixed(green+yellow))
J6,4,0,5(mixed(green+yellow)) -> 6(green) -> 7(yellow) -> 8(green) -> 9(mixed(green+yellow)) -> 10(green) -> 11(yellow)
J6,4,2,5(mixed(green+yellow)) -> 6(green) -> 7(yellow) -> 8(green) -> 9(mixed(green+yellow)) -> 10(green) -> 11(yellow) -> 0(green) -> 1(mixed(green+yellow))
J6,4,6,5(mixed(green+yellow))
J6,4,8,5(mixed(green+yellow)) -> 6(green) -> 7(yellow)
J6,4,10,5(mixed(green+yellow)) -> 6(green) -> 7(yellow) -> 8(green) -> 9(mixed(green+yellow))
J6,6,0,7(yellow) -> 8(green) -> 9(mixed(green+yellow)) -> 10(green) -> 11(yellow)
J6,6,2,7(yellow) -> 8(green) -> 9(mixed(green+yellow)) -> 10(green) -> 11(yellow) -> 0(green) -> 1(mixed(green+yellow))
J6,6,4,7(yellow) -> 8(green) -> 9(mixed(green+yellow)) -> 10(green) -> 11(yellow) -> 0(green) -> 1(mixed(green+yellow)) -> 2(green) -> 3(yellow)
J6,6,8,7(yellow)
J6,6,10,7(yellow) -> 8(green) -> 9(mixed(green+yellow))
J6,8,0,9(mixed(green+yellow)) -> 10(green) -> 11(yellow)
J6,8,2,9(mixed(green+yellow)) -> 10(green) -> 11(yellow) -> 0(green) -> 1(mixed(green+yellow))
J6,8,4,9(mixed(green+yellow)) -> 10(green) -> 11(yellow) -> 0(green) -> 1(mixed(green+yellow)) -> 2(green) -> 3(yellow)
J6,8,6,9(mixed(green+yellow)) -> 10(green) -> 11(yellow) -> 0(green) -> 1(mixed(green+yellow)) -> 2(green) -> 3(yellow) -> 4(green) -> 5(mixed(green+yellow))
J6,8,10,9(mixed(green+yellow))
J6,10,0,11(yellow)
J6,10,2,11(yellow) -> 0(green) -> 1(mixed(green+yellow))
J6,10,4,11(yellow) -> 0(green) -> 1(mixed(green+yellow)) -> 2(green) -> 3(yellow)
J6,10,6,11(yellow) -> 0(green) -> 1(mixed(green+yellow)) -> 2(green) -> 3(yellow) -> 4(green) -> 5(mixed(green+yellow))
J6,10,8,11(yellow) -> 0(green) -> 1(mixed(green+yellow)) -> 2(green) -> 3(yellow) -> 4(green) -> 5(mixed(green+yellow)) -> 6(green) -> 7(yellow)
J7,0,2,1(mixed(green+yellow))
J7,0,4,1(mixed(green+yellow)) -> 2(green) -> 3(yellow)
J7,0,6,1(mixed(green+yellow)) -> 2(green) -> 3(yellow) -> 4(green) -> 5(mixed(green+yellow))
J7,0,8,1(mixed(green+yellow)) -> 2(green) -> 3(yellow) -> 4(green) -> 5(mixed(green+yellow)) -> 6(green) -> 7(yellow)
J7,0,10,1(mixed(green+yellow)) -> 2(green) -> 3(yellow) -> 4(green) -> 5(mixed(green+yellow)) -> 6(green) -> 7(yellow) -> 8(green) -> 9(mixed(green+yellow))
J7,2,0,3(yellow) -> 4(green) -> 5(mixed(green+yellow)) -> 6(green) -> 7(yellow) -> 8(green) -> 9(mixed(green+yellow)) -> 10(green) -> 11(yellow)
J7,2,4,3(yellow)
J7,2,6,3(yellow) -> 4(green) -> 5(mixed(green+yellow))
J7,2,8,3(yellow) -> 4(green) -> 5(mixed(green+yellow)) -> 6(green) -> 7(yellow)
J7,2,10,3(yellow) -> 4(green) -> 5(mixed(green+yellow)) -> 6(green) -> 7(yellow) -> 8(green) -> 9(mixed(green+yellow))
J7,4,0,5(mixed(green+yellow)) -> 6(green) -> 7(yellow) -> 8(green) -> 9(mixed(green+yellow)) -> 10(green) -> 11(yellow)
J7,4,2,5(mixed(green+yellow)) -> 6(green) -> 7(yellow) -> 8(green) -> 9(mixed(green+yellow)) -> 10(green) -> 11(yellow) -> 0(green) -> 1(mixed(green+yellow))
J7,4,6,5(mixed(green+yellow))
J7,4,8,5(mixed(green+yellow)) -> 6(green) -> 7(yellow)
J7,4,10,5(mixed(green+yellow)) -> 6(green) -> 7(yellow) -> 8(green) -> 9(mixed(green+yellow))
J7,6,0,7(yellow) -> 8(green) -> 9(mixed(green+yellow)) -> 10(green) -> 11(yellow)
J7,6,2,7(yellow) -> 8(green) -> 9(mixed(green+yellow)) -> 10(green) -> 11(yellow) -> 0(green) -> 1(mixed(green+yellow))
J7,6,4,7(yellow) -> 8(green) -> 9(mixed(green+yellow)) -> 10(green) -> 11(yellow) -> 0(green) -> 1(mixed(green+yellow)) -> 2(green) -> 3(yellow)
J7,6,8,7(yellow)
J7,6,10,7(yellow) -> 8(green) -> 9(mixed(green+yellow))
J7,8,0,9(mixed(green+yellow)) -> 10(green) -> 11(yellow)
J7,8,2,9(mixed(green+yellow)) -> 10(green) -> 11(yellow) -> 0(green) -> 1(mixed(green+yellow))
J7,8,4,9(mixed(green+yellow)) -> 10(green) -> 11(yellow) -> 0(green) -> 1(mixed(green+yellow)) -> 2(green) -> 3(yellow)
J7,8,6,9(mixed(green+yellow)) -> 10(green) -> 11(yellow) -> 0(green) -> 1(mixed(green+yellow)) -> 2(green) -> 3(yellow) -> 4(green) -> 5(mixed(green+yellow))
J7,8,10,9(mixed(green+yellow))
J7,10,0,11(yellow)
J7,10,2,11(yellow) -> 0(green) -> 1(mixed(green+yellow))
J7,10,4,11(yellow) -> 0(green) -> 1(mixed(green+yellow)) -> 2(green) -> 3(yellow)
J7,10,6,11(yellow) -> 0(green) -> 1(mixed(green+yellow)) -> 2(green) -> 3(yellow) -> 4(green) -> 5(mixed(green+yellow))
J7,10,8,11(yellow) -> 0(green) -> 1(mixed(green+yellow)) -> 2(green) -> 3(yellow) -> 4(green) -> 5(mixed(green+yellow)) -> 6(green) -> 7(yellow)
J8,0,2,1(mixed(green+yellow))
J8,0,4,1(mixed(green+yellow)) -> 2(green) -> 3(yellow)
J8,0,6,1(mixed(green+yellow)) -> 2(green) -> 3(yellow) -> 4(green) -> 5(mixed(green+yellow))
J8,0,8,1(mixed(green+yellow)) -> 2(green) -> 3(yellow) -> 4(green) -> 5(mixed(green+yellow)) -> 6(green) -> 7(yellow)
J8,0,10,1(mixed(green+yellow)) -> 2(green) -> 3(yellow) -> 4(green) -> 5(mixed(green+yellow)) -> 6(green) -> 7(yellow) -> 8(green) -> 9(yellow)
J8,2,0,3(yellow) -> 4(green) -> 5(mixed(green+yellow)) -> 6(green) -> 7(yellow) -> 8(green) -> 9(yellow) -> 10(green) -> 11(yellow)
J8,2,4,3(yellow)
J8,2,6,3(yellow) -> 4(green) -> 5(mixed(green+yellow))
J8,2,8,3(yellow) -> 4(green) -> 5(mixed(green+yellow)) -> 6(green) -> 7(yellow)
J8,2,10,3(yellow) -> 4(green) -> 5(mixed(green+yellow)) -> 6(green) -> 7(yellow) -> 8(green) -> 9(yellow)
J8,4,0,5(mixed(green+yellow)) -> 6(green) -> 7(yellow) -> 8(green) -> 9(yellow) -> 10(green) -> 11(yellow)
J8,4,2,5(mixed(green+yellow)) -> 6(green) -> 7(yellow) -> 8(green) -> 9(yellow) -> 10(green) -> 11(yellow) -> 0(green) -> 1(mixed(green+yellow))
J8,4,6,5(mixed(green+yellow))
J8,4,8,5(mixed(green+yellow)) -> 6(green) -> 7(yellow)
J8,4,10,5(mixed(green+yellow)) -> 6(green) -> 7(yellow) -> 8(green) -> 9(yellow)
J8,6,0,7(yellow) -> 8(green) -> 9(yellow) -> 10(green) -> 11(yellow)
J8,6,2,7(yellow) -> 8(green) -> 9(yellow) -> 10(green) -> 11(yellow) -> 0(green) -> 1(mixed(green+yellow))
J8,6,4,7(yellow) -> 8(green) -> 9(yellow) -> 10(green) -> 11(yellow) -> 0(green) -> 1(mixed(green+yellow)) -> 2(green) -> 3(yellow)
J8,6,8,7(yellow)
J8,6,10,7(yellow) -> 8(green) -> 9(yellow)
J8,8,0,9(yellow) -> 10(green) -> 11(yellow)
J8,8,2,9(yellow) -> 10(green) -> 11(yellow) -> 0(green) -> 1(mixed(green+yellow))
J8,8,4,9(yellow) -> 10(green) -> 11(yellow) -> 0(green) -> 1(mixed(green+yellow)) -> 2(green) -> 3(yellow)
J8,8,6,9(yellow) -> 10(green) -> 11(yellow) -> 0(green) -> 1(mixed(green+yellow)) -> 2(green) -> 3(yellow) -> 4(green) -> 5(mixed(green+yellow))
J8,8,10,9(yellow)
J8,10,0,11(yellow)
J8,10,2,11(yellow) -> 0(green) -> 1(mixed(green+yellow))
J8,10,4,11(yellow) -> 0(green) -> 1(mixed(green+yellow)) -> 2(green) -> 3(yellow)
J8,10,6,11(yellow) -> 0(green) -> 1(mixed(green+yellow)) -> 2(green) -> 3(yellow) -> 4(green) -> 5(mixed(green+yellow))
J8,10,8,11(yellow) -> 0(green) -> 1(mixed(green+yellow)) -> 2(green) -> 3(yellow) -> 4(green) -> 5(mixed(green+yellow)) -> 6(green) -> 7(yellow)
J9,0,2,1(mixed(green+yellow))
J9,0,4,1(mixed(green+yellow)) -> 2(green) -> 3(yellow)
J9,0,6,1(mixed(green+yellow)) -> 2(green) -> 3(yellow) -> 4(green) -> 5(mixed(green+yellow))
J9,0,8,1(mixed(green+yellow)) -> 2(green) -> 3(yellow) -> 4(green) -> 5(mixed(green+yellow)) -> 6(green) -> 7(yellow)
J9,0,10,1(mixed(green+yellow)) -> 2(green) -> 3(yellow) -> 4(green) -> 5(mixed(green+yellow)) -> 6(green) -> 7(yellow) -> 8(green) -> 9(mixed(green+yellow))
J9,0,12,1(mixed(green+yellow)) -> 2(green) -> 3(yellow) -> 4(green) -> 5(mixed(green+yellow)) -> 6(green) -> 7(yellow) -> 8(green) -> 9(mixed(green+yellow)) -> 10(green) -> 11(yellow)
J9,2,0,3(yellow) -> 4(green) -> 5(mixed(green+yellow)) -> 6(green) -> 7(yellow) -> 8(green) -> 9(mixed(green+yellow)) -> 10(green) -> 11(yellow) -> 12(green) -> 13(yellow)
J9,2,4,3(yellow)
J9,2,6,3(yellow) -> 4(green) -> 5(mixed(green+yellow))
J9,2,8,3(yellow) -> 4(green) -> 5(mixed(green+yellow)) -> 6(green) -> 7(yellow)
J9,2,10,3(yellow) -> 4(green) -> 5(mixed(green+yellow)) -> 6(green) -> 7(yellow) -> 8(green) -> 9(mixed(green+yellow))
J9,2,12,3(yellow) -> 4(green) -> 5(mixed(green+yellow)) -> 6(green) -> 7(yellow) -> 8(green) -> 9(mixed(green+yellow)) -> 10(green) -> 11(yellow)
J9,4,0,5(mixed(green+yellow)) -> 6(green) -> 7(yellow) -> 8(green) -> 9(mixed(green+yellow)) -> 10(green) -> 11(yellow) -> 12(green) -> 13(yellow)
J9,4,2,5(mixed(green+yellow)) -> 6(green) -> 7(yellow) -> 8(green) -> 9(mixed(green+yellow)) -> 10(green) -> 11(yellow) -> 12(green) -> 13(yellow) -> 0(green) -> 1(mixed(green+yellow))
J9,4,6,5(mixed(green+yellow))
J9,4,8,5(mixed(green+yellow)) -> 6(green) -> 7(yellow)
J9,4,10,5(mixed(green+yellow)) -> 6(green) -> 7(yellow) -> 8(green) -> 9(mixed(green+yellow))
J9,4,12,5(mixed(green+yellow)) -> 6(green) -> 7(yellow) -> 8(green) -> 9(mixed(green+yellow)) -> 10(green) -> 11(yellow)
J9,6,0,7(yellow) -> 8(green) -> 9(mixed(green+yellow)) -> 10(green) -> 11(yellow) -> 12(green) -> 13(yellow)
J9,6,2,7(yellow) -> 8(green) -> 9(mixed(green+yellow)) -> 10(green) -> 11(yellow) -> 12(green) -> 13(yellow) -> 0(green) -> 1(mixed(green+yellow))
J9,6,4,7(yellow) -> 8(green) -> 9(mixed(green+yellow)) -> 10(green) -> 11(yellow) -> 12(green) -> 13(yellow) -> 0(green) -> 1(mixed(green+yellow)) -> 2(green) -> 3(yellow)
J9,6,8,7(yellow)
J9,6,10,7(yellow) -> 8(green) -> 9(mixed(green+yellow))
J9,6,12,7(yellow) -> 8(green) -> 9(mixed(green+yellow)) -> 10(green) -> 11(yellow)
J9,8,0,9(mixed(green+yellow)) -> 10(green) -> 11(yellow) -> 12(green) -> 13(yellow)
J9,8,2,9(mixed(green+yellow)) -> 10(green) -> 11(yellow) -> 12(green) -> 13(yellow) -> 0(green) -> 1(mixed(green+yellow))
J9,8,4,9(mixed(green+yellow)) -> 10(green) -> 11(yellow) -> 12(green) -> 13(yellow) -> 0(green) -> 1(mixed(green+yellow)) -> 2(green) -> 3(yellow)
J9,8,6,9(mixed(green+yellow)) -> 10(green) -> 11(yellow) -> 12(green) -> 13(yellow) -> 0(green) -> 1(mixed(green+yellow)) -> 2(green) -> 3(yellow) -> 4(green) -> 5(mixed(green+yellow))
J9,8,10,9(mixed(green+yellow))
J9,8,12,9(mixed(green+yellow)) -> 10(green) -> 11(yellow)
J9,10,0,11(yellow) -> 12(green) -> 13(yellow)
J9,10,2,11(yellow) -> 12(green) -> 13(yellow) -> 0(green) -> 1(mixed(green+yellow))
J9,10,4,11(yellow) -> 12(green) -> 13(yellow) -> 0(green) -> 1(mixed(green+yellow)) -> 2(green) -> 3(yellow)
J9,10,6,11(yellow) -> 12(green) -> 13(yellow) -> 0(green) -> 1(mixed(green+yellow)) -> 2(green) -> 3(yellow) -> 4(green) -> 5(mixed(green+yellow))
J9,10,8,11(yellow) -> 12(green) -> 13(yellow) -> 0(green) -> 1(mixed(green+yellow)) -> 2(green) -> 3(yellow) -> 4(green) -> 5(mixed(green+yellow)) -> 6(green) -> 7(yellow)
J9,10,12,11(yellow)
J9,12,0,13(yellow)
J9,12,2,13(yellow) -> 0(green) -> 1(mixed(green+yellow))
J9,12,4,13(yellow) -> 0(green) -> 1(mixed(green+yellow)) -> 2(green) -> 3(yellow)
J9,12,6,13(yellow) -> 0(green) -> 1(mixed(green+yellow)) -> 2(green) -> 3(yellow) -> 4(green) -> 5(mixed(green+yellow))
J9,12,8,13(yellow) -> 0(green) -> 1(mixed(green+yellow)) -> 2(green) -> 3(yellow) -> 4(green) -> 5(mixed(green+yellow)) -> 6(green) -> 7(yellow)
J9,12,10,13(yellow) -> 0(green) -> 1(mixed(green+yellow)) -> 2(green) -> 3(yellow) -> 4(green) -> 5(mixed(green+yellow)) -> 6(green) -> 7(yellow) -> 8(green) -> 9(mixed(green+yellow))
J10,0,2,1(mixed(green+yellow))
J10,0,4,1(mixed(green+yellow)) -> 2(green) -> 3(yellow)
J10,0,6,1(mixed(green+yellow)) -> 2(green) -> 3(yellow) -> 4(green) -> 5(mixed(green+yellow))
J10,0,9,1(mixed(green+yellow)) -> 2(green) -> 3(yellow) -> 4(green) -> 5(mixed(green+yellow)) -> 6(green) -> 7(yellow) -> 8(all-red)
J10,2,0,3(yellow) -> 4(green) -> 5(mixed(green+yellow)) -> 6(green) -> 7(yellow) -> 8(all-red) -> 9(green) -> 10(mixed(green+yellow))
J10,2,4,3(yellow)
J10,2,6,3(yellow) -> 4(green) -> 5(mixed(green+yellow))
J10,2,9,3(yellow) -> 4(green) -> 5(mixed(green+yellow)) -> 6(green) -> 7(yellow) -> 8(all-red)
J10,4,0,5(mixed(green+yellow)) -> 6(green) -> 7(yellow) -> 8(all-red) -> 9(green) -> 10(mixed(green+yellow))
J10,4,2,5(mixed(green+yellow)) -> 6(green) -> 7(yellow) -> 8(all-red) -> 9(green) -> 10(mixed(green+yellow)) -> 0(green) -> 1(mixed(green+yellow))
J10,4,6,5(mixed(green+yellow))
J10,4,9,5(mixed(green+yellow)) -> 6(green) -> 7(yellow) -> 8(all-red)
J10,6,0,7(yellow) -> 8(all-red) -> 9(green) -> 10(mixed(green+yellow))
J10,6,2,7(yellow) -> 8(all-red) -> 9(green) -> 10(mixed(green+yellow)) -> 0(green) -> 1(mixed(green+yellow))
J10,6,4,7(yellow) -> 8(all-red) -> 9(green) -> 10(mixed(green+yellow)) -> 0(green) -> 1(mixed(green+yellow)) -> 2(green) -> 3(yellow)
J10,6,9,7(yellow) -> 8(all-red)
J10,9,0,10(mixed(green+yellow))
J10,9,2,10(mixed(green+yellow)) -> 0(green) -> 1(mixed(green+yellow))
J10,9,4,10(mixed(green+yellow)) -> 0(green) -> 1(mixed(green+yellow)) -> 2(green) -> 3(yellow)
J10,9,6,10(mixed(green+yellow)) -> 0(green) -> 1(mixed(green+yellow)) -> 2(green) -> 3(yellow) -> 4(green) -> 5(mixed(green+yellow))
J11,0,2,1(mixed(green+yellow))
J11,0,5,1(mixed(green+yellow)) -> 2(green) -> 3(yellow) -> 4(all-red)
J11,2,0,3(yellow) -> 4(all-red) -> 5(green) -> 6(yellow) -> 7(all-red)
J11,2,5,3(yellow) -> 4(all-red)
J11,5,0,6(yellow) -> 7(all-red)
J11,5,2,6(yellow) -> 7(all-red) -> 0(green) -> 1(mixed(green+yellow))
J12,0,2,1(mixed(green+yellow))
J12,0,5,1(mixed(green+yellow)) -> 2(green) -> 3(yellow) -> 4(all-red)
J12,0,8,1(mixed(green+yellow)) -> 2(green) -> 3(yellow) -> 4(all-red) -> 5(green) -> 6(yellow) -> 7(all-red)
J12,0,11,1(mixed(green+yellow)) -> 2(green) -> 3(yellow) -> 4(all-red) -> 5(green) -> 6(yellow) -> 7(all-red) -> 8(green) -> 9(yellow) -> 10(all-red)
J12,2,0,3(yellow) -> 4(all-red) -> 5(green) -> 6(yellow) -> 7(all-red) -> 8(green) -> 9(yellow) -> 10(all-red) -> 11(green) -> 12(yellow) -> 13(all-red)
J12,2,5,3(yellow) -> 4(all-red)
J12,2,8,3(yellow) -> 4(all-red) -> 5(green) -> 6(yellow) -> 7(all-red)
J12,2,11,3(yellow) -> 4(all-red) -> 5(green) -> 6(yellow) -> 7(all-red) -> 8(green) -> 9(yellow) -> 10(all-red)
J12,5,0,6(yellow) -> 7(all-red) -> 8(green) -> 9(yellow) -> 10(all-red) -> 11(green) -> 12(yellow) -> 13(all-red)
J12,5,2,6(yellow) -> 7(all-red) -> 8(green) -> 9(yellow) -> 10(all-red) -> 11(green) -> 12(yellow) -> 13(all-red) -> 0(green) -> 1(mixed(green+yellow))
J12,5,8,6(yellow) -> 7(all-red)
J12,5,11,6(yellow) -> 7(all-red) -> 8(green) -> 9(yellow) -> 10(all-red)
J12,8,0,9(yellow) -> 10(all-red) -> 11(green) -> 12(yellow) -> 13(all-red)
J12,8,2,9(yellow) -> 10(all-red) -> 11(green) -> 12(yellow) -> 13(all-red) -> 0(green) -> 1(mixed(green+yellow))
J12,8,5,9(yellow) -> 10(all-red) -> 11(green) -> 12(yellow) -> 13(all-red) -> 0(green) -> 1(mixed(green+yellow)) -> 2(green) -> 3(yellow) -> 4(all-red)
J12,8,11,9(yellow) -> 10(all-red)
J12,11,0,12(yellow) -> 13(all-red)
J12,11,2,12(yellow) -> 13(all-red) -> 0(green) -> 1(mixed(green+yellow))
J12,11,5,12(yellow) -> 13(all-red) -> 0(green) -> 1(mixed(green+yellow)) -> 2(green) -> 3(yellow) -> 4(all-red)
J12,11,8,12(yellow) -> 13(all-red) -> 0(green) -> 1(mixed(green+yellow)) -> 2(green) -> 3(yellow) -> 4(all-red) -> 5(green) -> 6(yellow) -> 7(all-red)
J13,0,2,1(mixed(green+yellow))
J13,0,4,1(mixed(green+yellow)) -> 2(green) -> 3(yellow)
J13,0,6,1(mixed(green+yellow)) -> 2(green) -> 3(yellow) -> 4(green) -> 5(mixed(green+yellow))
J13,0,8,1(mixed(green+yellow)) -> 2(green) -> 3(yellow) -> 4(green) -> 5(mixed(green+yellow)) -> 6(green) -> 7(yellow)
J13,0,10,1(mixed(green+yellow)) -> 2(green) -> 3(yellow) -> 4(green) -> 5(mixed(green+yellow)) -> 6(green) -> 7(yellow) -> 8(green) -> 9(mixed(green+yellow))
J13,2,0,3(yellow) -> 4(green) -> 5(mixed(green+yellow)) -> 6(green) -> 7(yellow) -> 8(green) -> 9(mixed(green+yellow)) -> 10(green) -> 11(yellow)
J13,2,4,3(yellow)
J13,2,6,3(yellow) -> 4(green) -> 5(mixed(green+yellow))
J13,2,8,3(yellow) -> 4(green) -> 5(mixed(green+yellow)) -> 6(green) -> 7(yellow)
J13,2,10,3(yellow) -> 4(green) -> 5(mixed(green+yellow)) -> 6(green) -> 7(yellow) -> 8(green) -> 9(mixed(green+yellow))
J13,4,0,5(mixed(green+yellow)) -> 6(green) -> 7(yellow) -> 8(green) -> 9(mixed(green+yellow)) -> 10(green) -> 11(yellow)
J13,4,2,5(mixed(green+yellow)) -> 6(green) -> 7(yellow) -> 8(green) -> 9(mixed(green+yellow)) -> 10(green) -> 11(yellow) -> 0(green) -> 1(mixed(green+yellow))
J13,4,6,5(mixed(green+yellow))
J13,4,8,5(mixed(green+yellow)) -> 6(green) -> 7(yellow)
J13,4,10,5(mixed(green+yellow)) -> 6(green) -> 7(yellow) -> 8(green) -> 9(mixed(green+yellow))
J13,6,0,7(yellow) -> 8(green) -> 9(mixed(green+yellow)) -> 10(green) -> 11(yellow)
J13,6,2,7(yellow) -> 8(green) -> 9(mixed(green+yellow)) -> 10(green) -> 11(yellow) -> 0(green) -> 1(mixed(green+yellow))
J13,6,4,7(yellow) -> 8(green) -> 9(mixed(green+yellow)) -> 10(green) -> 11(yellow) -> 0(green) -> 1(mixed(green+yellow)) -> 2(green) -> 3(yellow)
J13,6,8,7(yellow)
J13,6,10,7(yellow) -> 8(green) -> 9(mixed(green+yellow))
J13,8,0,9(mixed(green+yellow)) -> 10(green) -> 11(yellow)
J13,8,2,9(mixed(green+yellow)) -> 10(green) -> 11(yellow) -> 0(green) -> 1(mixed(green+yellow))
J13,8,4,9(mixed(green+yellow)) -> 10(green) -> 11(yellow) -> 0(green) -> 1(mixed(green+yellow)) -> 2(green) -> 3(yellow)
J13,8,6,9(mixed(green+yellow)) -> 10(green) -> 11(yellow) -> 0(green) -> 1(mixed(green+yellow)) -> 2(green) -> 3(yellow) -> 4(green) -> 5(mixed(green+yellow))
J13,8,10,9(mixed(green+yellow))
J13,10,0,11(yellow)
J13,10,2,11(yellow) -> 0(green) -> 1(mixed(green+yellow))
J13,10,4,11(yellow) -> 0(green) -> 1(mixed(green+yellow)) -> 2(green) -> 3(yellow)
J13,10,6,11(yellow) -> 0(green) -> 1(mixed(green+yellow)) -> 2(green) -> 3(yellow) -> 4(green) -> 5(mixed(green+yellow))
J13,10,8,11(yellow) -> 0(green) -> 1(mixed(green+yellow)) -> 2(green) -> 3(yellow) -> 4(green) -> 5(mixed(green+yellow)) -> 6(green) -> 7(yellow)
J14,0,2,1(mixed(green+yellow))
J14,2,0,3(mixed(green+yellow))
J15,0,3,1(yellow) -> 2(all-red)
J15,0,5,1(yellow) -> 2(all-red) -> 3(green) -> 4(mixed(green+yellow))
J15,3,0,4(mixed(green+yellow)) -> 5(green) -> 6(yellow)
J15,3,5,4(mixed(green+yellow))
J15,5,0,6(yellow)
J15,5,3,6(yellow) -> 0(green) -> 1(yellow) -> 2(all-red)
J16,0,2,1(mixed(green+yellow))
J16,0,5,1(mixed(green+yellow)) -> 2(green) -> 3(yellow) -> 4(all-red)
J16,0,8,1(mixed(green+yellow)) -> 2(green) -> 3(yellow) -> 4(all-red) -> 5(green) -> 6(yellow) -> 7(all-red)
J16,2,0,3(yellow) -> 4(all-red) -> 5(green) -> 6(yellow) -> 7(all-red) -> 8(green) -> 9(mixed(green+yellow))
J16,2,5,3(yellow) -> 4(all-red)
J16,2,8,3(yellow) -> 4(all-red) -> 5(green) -> 6(yellow) -> 7(all-red)
J16,5,0,6(yellow) -> 7(all-red) -> 8(green) -> 9(mixed(green+yellow))
J16,5,2,6(yellow) -> 7(all-red) -> 8(green) -> 9(mixed(green+yellow)) -> 0(green) -> 1(mixed(green+yellow))
J16,5,8,6(yellow) -> 7(all-red)
J16,8,0,9(mixed(green+yellow))
J16,8,2,9(mixed(green+yellow)) -> 0(green) -> 1(mixed(green+yellow))
J16,8,5,9(mixed(green+yellow)) -> 0(green) -> 1(mixed(green+yellow)) -> 2(green) -> 3(yellow) -> 4(all-red)
